Cumulative,Cumulative  Test positive,Cumulative  tests performed,Date,Discharged,Expired,Region,Still admitted
48,2,80,11/03/2020,0,0,ICT,2
61,0,95,11/03/2020,0,0,Punjab,0
84,14,171,11/03/2020,1,0,Sindh,13
20,0,28,11/03/2020,0,0,KP,0
3,0,0,11/03/2020,0,0,KPTD,0
19,1,18,11/03/2020,0,0,Balochistan,1
3,0,4,11/03/2020,0,0,AJK,0
10,2,26,11/03/2020,0,0,GB,2
52,2,85,12/03/2020,0,0,ICT,2
67,0,105,12/03/2020,0,0,Punjab,0
89,14,198,12/03/2020,2,0,Sindh,12
24,0,29,12/03/2020,0,0,KP,0
3,0,0,12/03/2020,0,0,KPTD,0
23,1,18,12/03/2020,0,0,Balochistan,1
3,0,8,12/03/2020,0,0,AJK,0
10,3,28,12/03/2020,0,0,GB,3
57,2,92,13/03/2020,0,0,ICT,2
71,0,110,13/03/2020,0,0,Punjab,0
107,15,240,13/03/2020,2,0,Sindh,13
27,0,30,13/03/2020,0,0,KP,0
4,0,0,13/03/2020,0,0,KPTD,0
31,1,18,13/03/2020,0,0,Balochistan,1
4,0,9,13/03/2020,0,0,AJK,0
17,3,32,13/03/2020,0,0,GB,3
62,3,99,14/03/2020,0,0,ICT,3
77,0,116,14/03/2020,0,0,Punjab,0
119,16,282,14/03/2020,3,0,Sindh,13
29,0,31,14/03/2020,0,0,KP,0
4,0,0,14/03/2020,0,0,KPTD,0
45,6,35,14/03/2020,0,0,Balochistan,6
4,0,10,14/03/2020,0,0,AJK,0
23,3,36,14/03/2020,0,0,GB,3
65,4,115,15/03/2020,0,0,ICT,4
83,0,126,15/03/2020,0,0,Punjab,0
127,18,315,15/03/2020,3,0,Sindh,15
30,0,32,15/03/2020,0,0,KP,0
5,0,0,15/03/2020,0,0,KPTD,0
45,6,42,15/03/2020,0,0,Balochistan,6
4,0,11,15/03/2020,0,0,AJK,0
23,3,45,15/03/2020,0,0,GB,3
69,4,147,16/03/2020,0,0,ICT,4
95,1,166,16/03/2020,0,0,Punjab,1
135,34,364,16/03/2020,3,0,Sindh,32
36,0,32,16/03/2020,0,0,KP,0
5,0,0,16/03/2020,0,0,KPTD,0
70,5,40,16/03/2020,0,0,Balochistan,10
9,0,11,16/03/2020,0,0,AJK,0
23,3,45,16/03/2020,0,0,GB,3
0,6,28,16/03/2020,0,0,Mobile Lab,0
76,4,581,17-Mar-20,1,0,ICT,3
112,1,166,17/03/2020,0,0,Punjab,1
140,150,554,17/03/2020,3,0,Sindh,147
52,15,51,17/03/2020,0,0,KP,15
5,0,0,17/03/2020,0,0,KPTD,0
103,14,163,17/03/2020,0,0,Balochistan,14
20,0,11,17/03/2020,0,0,AJK,0
25,3,45,17/03/2020,0,0,GB,3
84,8,627,18/03/2020,1,0,ICT,3
129,26,133,18/03/2020,0,0,Punjab,26
151,172,606,18/03/2020,3,0,Sindh,169
58,17,42,18/03/2020,0,0,KP,17
6,0,0,18/03/2020,0,0,KPTD,0
134,15,151,18/03/2020,0,0,Balochistan,15
21,0,11,18/03/2020,0,0,AJK,0
29,3,51,18/03/2020,0,0,GB,5
103,5,184,19-Mar-20,2,0,ICT,3
158,33,254,19/03/2020,0,0,Punjab,33
173,208,908,19/03/2020,3,0,Sindh,205
72,19,67,19/03/2020,0,2,KP,17
7,0,0,19/03/2020,0,0,KPTD,0
134,23,637,19/03/2020,0,0,Balochistan,23
23,1,23,19/03/2020,0,0,AJK,1
64,13,90,19/03/2020,0,0,GB,11
137,10,277,20/03/2020,2,0,ICT,8
182,80,872,20-Mar-20,0,0,Punjab,80
182,245,1210,20/03/2020,3,0,Sindh,242
94,23,67,20/03/2020,0,2,KP,21
19,0,0,20/03/2020,0,0,KPTD,0
650,81,805,20/03/2020,0,0,Balochistan,81
36,1,36,20/03/2020,0,0,AJK,1
64,21,143,20/03/2020,0,0,GB,21
171,11,325,21-Mar-20,2,0,ICT,9
196,96,894,21-Mar-20,0,0,Punjab,96
210,253,1497,21/03/2020,3,1,Sindh,249
130,23,130,21/03/2020,0,2,KP,21
21,0,0,21/03/2020,0,0,KPTD,0
698,81,805,21/03/2020,0,0,Balochistan,81
40,1,40,21-Mar-20,0,0,AJK,1
310,30,310,21/03/2020,0,0,GB,30
188,11,366,22/03/2020,2,0,ICT,9
246,152,1361,22/03/2020,0,0,Punjab,152
232,396,1497,22/03/2020,3,1,Sindh,392
155,31,264,22/03/2020,0,2,KP,29
21,0,0,22/03/2020,0,0,KPTD,0
1380,104,1380,22/03/2020,0,0,Balochistan,104
42,1,42,22/03/2020,0,0,AJK,1
310,55,315,22/03/2020,0,0,GB,55
198,15,404,23-Mar-20,2,0,ICT,13
257,225,1436,23/03/2020,0,0,Punjab,225
232,333,1512,23/03/2020,4,1,Sindh,328
196,31,305,23/03/2020,0,3,KP,28
1405,108,1405,23/03/2020,0,1,Balochistan,107
44,1,44,23/03/2020,0,0,AJK,1
310,71,338,23/03/2020,0,0,GB,71
226,15,427,24/03/2020,2,0,ICT,13
257,249,1436,24/03/2020,0,0,Punjab,249
232,394,1579,24-Mar-20,4,1,Sindh,389
431,38,448,24/03/2020,0,3,KP,35
1407,110,1407,24/03/2020,0,1,Balochistan,109
60,1,60,24/03/2020,0,0,AJK,1
310,80,500,24/03/2020,0,1,GB,79
236,18,459,25/03/2020,2,0,ICT,16
257,296,1436,25/03/2020,2,1,Punjab,293
238,407,1579,25/03/2020,14,1,Sindh,392
538,78,566,25/03/2020,0,3,KP,75
1437,110,1437,25/03/2020,0,1,Balochistan,109
65,1,66,25/03/2020,0,0,AJK,1
347,81,580,25/03/2020,0,1,GB,80
255,25,561,26/03/2020,2,0,ICT,8
257,323,1436,26-Mar-20,3,2,Punjab,318
295,413,1592,26-Mar-20,14,1,Sindh,398
694,80,704,26-Mar-20,2,3,KP,75
1437,131,1455,26-Mar-20,0,1,Balochistan,130
77,1,77,26-Mar-20,0,0,AJK,1
347,84,624,26-Mar-20,0,1,GB,83
712,25,712,27-Mar-20,2,0,ICT,12
1298,408,2257,27-Mar-20,3,3,Punjab,402
4456,417,1592,27-Mar-20,14,1,Sindh,402
704,123,917,27-Mar-20,2,3,KP,118
1494,131,1512,27-Mar-20,0,1,Balochistan,130
83,2,83,27-Mar-20,0,0,AJK,2
777,91,762,27-Mar-20,2,1,GB,88
910,39,1056,28-Mar-20,2,0,ICT,8
3339,490,3310,28-Mar-20,4,5,Punjab,237
4807,457,5158,28-Mar-20,14,1,Sindh,294
820,180,1121,28-Mar-20,2,3,KP,50
1494,133,1657,28-Mar-20,2,1,Balochistan,122
90,2,97,28-Mar-20,0,0,AJK,2
787,107,832,28-Mar-20,3,1,GB,12
1067,43,1213,29-Mar-20,2,0,ICT,11
3521,558,3492,29-Mar-20,4,5,Punjab,247
5322,481,5673,29-Mar-20,14,2,Sindh,294
928,188,1229,29-Mar-20,2,4,KP,60
1601,138,1737,29-Mar-20,2,1,Balochistan,130
97,2,97,29-Mar-20,0,0,AJK,2
788,116,895,29-Mar-20,4,1,GB,12
1200,51,1310,30/03/2020,3,0,ICT,13
3616,593,3492,30/03/2020,5,6,Punjab,253
5945,508,5945,30/03/2020,16,5,Sindh,306
1022,195,1324,30/03/2020,2,5,KP,60
1695,144,1710,30/03/2020,2,1,Balochistan,133
105,6,105,30/03/2020,0,0,AJK,6
862,128,862,30/03/2020,4,1,GB,12
1395,58,1469,31/03/2020,3,0,ICT,16
3770,652,2500,31/03/2020,5,9,Punjab,303
6328,627,6328,31/03/2020,42,7,Sindh,315
1334,221,1512,31/03/2020,2,6,KP,70
1825,153,1792,31/03/2020,2,1,Balochistan,139
177,6,177,31/03/2020,0,0,AJK,6
880,148,880,31/03/2020,4,2,GB,12
1703,54,1703,01/04/2020,3,0,ICT,16
4462,708,2720,01/04/2020,5,9,Punjab,357
6578,676,6578,01/04/2020,51,8,Sindh,385
1524,253,1271,01/04/2020,2,6,KP,74
1934,158,1934,01/04/2020,17,1,Balochistan,124
239,6,239,01/04/2020,0,0,AJK,6
891,184,750,01/04/2020,4,2,GB,12
1997,62,1997,02/04/2020,3,0,ICT,15
5086,845,2945,02/04/2020,6,11,Punjab,384
6926,743,6926,02/04/2020,58,9,Sindh,387
1814,276,1814,02/04/2020,19,8,KP,84
2049,169,2049,02/04/2020,17,1,Balochistan,125
249,9,249,02/04/2020,0,0,AJK,9
894,187,797,02/04/2020,4,2,GB,12
2395,68,2395,03/04/2020,3,0,ICT,18
5522,920,15134,03/04/2020,6,11,Punjab,456
7504,783,7504,03/04/2020,65,11,Sindh,410
1938,311,1938,03/04/2020,30,9,KP,92
2171,169,2171,03/04/2020,17,1,Balochistan,125
322,9,322,03/04/2020,0,0,AJK,9
961,190,844,03/04/2020,5,3,GB,12
343,11,343,04/04/2020,0,0,AJK,11
2401,175,2401,04/04/2020,17,1,Balochistan,132
963,193,860,04/04/2020,9,3,GB,12
2569,75,2569,04/04/2020,3,0,ICT,14
2369,343,1624,04/04/2020,30,11,KP,92
5456,1072,16508,04/04/2020,6,11,Punjab,506
8625,839,8625,04/04/2020,65,14,Sindh,391
385,12,385,05/04/2020,1,0,AJK,11
2513,185,2513,05/04/2020,17,1,Balochistan,133
1058,206,975,05/04/2020,9,3,GB,12
2744,78,2744,05/04/2020,3,0,ICT,10
2548,372,1769,05/04/2020,30,14,KP,95
7859,1163,17653,05/04/2020,25,12,Punjab,526
8846,864,8846,05/04/2020,85,15,Sindh,390
400,15,400,06/04/2020,1,0,AJK,14
3504,191,2777,06/04/2020,30,1,Balochistan,112
1062,210,998,06/04/2020,13,3,GB,12
2871,82,2871,06/04/2020,3,0,ICT,11
2882,405,1974,06/04/2020,62,16,KP,120
8682,1493,17724,06/04/2020,25,15,Punjab,653
9131,881,9131,06/04/2020,123,15,Sindh,363
484,18,484,07/04/2020,1,0,AJK,17
3456,202,2998,07/04/2020,63,1,Balochistan,87
1111,211,1015,07/04/2020,15,3,GB,14
2921,83,2921,07/04/2020,3,1,ICT,17
3016,500,2103,07/04/2020,69,17,KP,138
9386,1918,20073,07/04/2020,25,15,Punjab,751
9589,932,9589,07/04/2020,253,17,Sindh,287
534,19,534,08/04/2020,1,0,AJK,18
3549,206,3091,08/04/2020,75,2,Balochistan,77
1175,212,1127,08/04/2020,15,3,GB,14
3096,92,3096,08/04/2020,3,1,ICT,17
3068,527,2262,08/04/2020,70,18,KP,197
10347,2030,21826,08/04/2020,34,16,Punjab,713
10223,986,10223,08/04/2020,269,18,Sindh,303
581,28,581,09/04/2020,1,0,AJK,27
3709,212,3216,09/04/2020,76,2,Balochistan,77
1211,213,1143,09/04/2020,96,3,GB,14
3233,102,3233,09/04/2020,10,1,ICT,11
3322,560,2662,09/04/2020,74,20,KP,168
11741,2171,23080,09/04/2020,35,17,Punjab,752
10981,1036,10981,09/04/2020,280,20,Sindh,354
631,33,631,10/04/2020,1,0,AJK,32
4009,219,3405,10/04/2020,89,1,Balochistan,70
1334,215,1266,10/04/2020,111,3,GB,14
3375,107,3375,10/04/2020,10,1,ICT,18
3687,620,2871,10/04/2020,128,22,KP,201
13720,2279,31535,10/04/2020,39,18,Punjab,745
11623,1128,11623,10/04/2020,349,21,Sindh,322
745,34,745,11/04/2020,1,0,AJK,33
4109,220,3694,11/04/2020,95,1,Balochistan,68
1424,215,1334,11/04/2020,125,3,GB,17
3480,113,3480,11/04/2020,13,1,ICT,15
3768,656,3046,11/04/2020,131,25,KP,201
15850,2336,33328,11/04/2020,39,19,Punjab,764
12209,1214,12209,11/04/2020,358,22,Sindh,313
813,35,813,12/04/2020,1,0,AJK,34
4099,228,3812,12/04/2020,95,2,Balochistan,62
1488,216,1408,12/04/2020,146,3,GB,9
3570,119,3570,12/04/2020,13,1,ICT,17
4232,697,3259,12/04/2020,142,31,KP,210
18520,2425,36199,12/04/2020,258,21,Punjab,765
12740,1318,12740,12/04/2020,371,28,Sindh,343
910,40,910,13/04/2020,2,0,AJK,38
4222,230,3906,13/04/2020,123,2,Balochistan,40
1553,224,1476,13/04/2020,149,3,GB,9
3836,131,3836,13/04/2020,15,1,ICT,24
4305,744,3478,13/04/2020,145,34,KP,211
19395,2594,38199,13/04/2020,272,23,Punjab,832
13309,1411,13309,13/04/2020,389,30,Sindh,347
992,43,992,14/04/2020,4,0,AJK,39
4341,231,4012,14/04/2020,124,2,Balochistan,34
1644,233,1563,14/04/2020,155,3,GB,9
3947,131,3947,14/04/2020,15,1,ICT,19
4783,800,3793,14/04/2020,153,35,KP,211
21885,2826,41781,14/04/2020,508,24,Punjab,702
13840,1452,13840,14/04/2020,419,31,Sindh,354
1029,46,1029,15/04/2020,4,0,AJK,42
4298,240,4100,15/04/2020,137,2,Balochistan,20
1742,234,1618,15/04/2020,175,3,GB,5
4473,140,4473,15/04/2020,17,1,ICT,16
5088,865,4151,15/04/2020,178,38,KP,211
24726,2945,43565,15/04/2020,508,28,Punjab,759
14503,1518,14503,15/04/2020,427,35,Sindh,443
1081,46,1081,16/04/2020,9,0,AJK,37
4370,280,4299,16/04/2020,140,3,Balochistan,25
1839,237,1664,16/04/2020,178,3,GB,5
4824,145,4824,16/04/2020,17,1,ICT,17
5410,912,4524,16/04/2020,191,42,KP,211
27803,3217,46561,16/04/2020,550,34,Punjab,756
16026,1668,16026,16/04/2020,560,41,Sindh,319
1135,46,1135,17/04/2020,9,0,AJK,37
4490,303,4427,17/04/2020,142,5,Balochistan,33
1932,245,1826,17/04/2020,183,3,GB,5
5150,154,5150,17/04/2020,20,1,ICT,22
5758,993,4885,17/04/2020,205,45,KP,230
29326,3276,48381,17/04/2020,630,36,Punjab,767
18900,2008,18900,17/04/2020,576,45,Sindh,267
1175,48,1175,18/04/2020,9,0,AJK,39
5025,335,4812,18/04/2020,142,5,Balochistan,40
2313,250,2021,18/04/2020,192,3,GB,5
5479,163,5479,18/04/2020,20,1,ICT,13
6140,1077,5311,18/04/2020,216,50,KP,280
31245,3391,52478,18/04/2020,672,37,Punjab,787
21272,2217,21272,18/04/2020,581,47,Sindh,717
1229,48,1229,19/04/2020,9,0,AJK,39
5485,376,5085,19/04/2020,144,5,Balochistan,51
2429,257,2169,19/04/2020,193,3,GB,5
5857,171,5857,19/04/2020,20,2,ICT,15
6531,1137,6003,19/04/2020,226,60,KP,294
33199,3649,55241,19/04/2020,684,41,Punjab,992
22938,2355,22938,19/04/2020,592,48,Sindh,764
1275,49,1275,20/04/2020,10,0,AJK,39
5793,432,5315,20/04/2020,152,5,Balochistan,68
2657,263,2430,20/04/2020,194,3,GB,4
5976,181,5976,20/04/2020,20,3,ICT,16
7090,1235,6544,20/04/2020,267,67,KP,296
34084,3721,58304,20/04/2020,702,42,Punjab,1002
24458,2537,24458,20/04/2020,625,56,Sindh,791
1355,50,1355,21/04/2020,16,0,AJK,34
6391,465,5636,21/04/2020,161,6,Balochistan,67
2827,281,2604,21/04/2020,195,3,GB,4
6224,185,6224,21/04/2020,20,3,ICT,14
8340,1276,9360,21/04/2020,297,74,KP,328
35890,4195,60649,21/04/2020,742,45,Punjab,1151
26058,2764,26058,21/04/2020,635,61,Sindh,845
1416,51,1416,22/04/2020,23,0,AJK,28
7650,552,6130,22/04/2020,168,8,Balochistan,82
3047,290,2859,22/04/2020,201,3,GB,10
6931,204,6931,22/04/2020,26,3,ICT,8
9828,1453,10837,22/04/2020,414,83,KP,351
38965,4590,66030,22/04/2020,790,58,Punjab,1290
30346,3373,30346,22/04/2020,715,69,Sindh,1010
1471,55,1471,23/04/2020,0,0,AJK,30
8358,607,6504,23/04/2020,346,8,Balochistan,79
3239,300,2998,23/04/2020,75,3,GB,10
7519,214,7519,23/04/2020,173,3,ICT,12
10954,1541,11963,23/04/2020,628,85,KP,373
40157,4767,67882,23/04/2020,2497,65,Punjab,1300
33028,3671,33028,23/04/2020,1805,73,Sindh,1063
1522,55,1522,24/04/2020,0,0,AJK,27
8794,656,6742,24/04/2020,393,10,Balochistan,77
3434,307,3162,24/04/2020,81,3,GB,10
8059,223,8059,24/04/2020,177,3,ICT,14
12100,1708,13109,24/04/2020,738,89,KP,409
41126,5046,69971,24/04/2020,2577,73,Punjab,1331
35582,3945,35582,24/04/2020,1893,75,Sindh,1205
1588,55,1588,25/04/2020,0,0,AJK,23
10404,722,7212,25/04/2020,449,11,Balochistan,86
3591,308,3273,25/04/2020,79,3,GB,10
8455,235,8455,25/04/2020,188,3,ICT,15
12921,1793,13930,25/04/2020,760,93,KP,455
42456,5378,71726,25/04/2020,2577,81,Punjab,1594
38181,4232,38181,25/04/2020,2146,78,Sindh,1206
1588,55,1588,26/04/2020,32,0,AJK,23
10404,722,7212,26/04/2020,176,11,Balochistan,86
3591,308,3273,26/04/2020,216,3,GB,10
8455,235,8455,26/04/2020,29,3,ICT,15
12921,1793,13930,26/04/2020,485,93,KP,455
42456,5378,71726,26/04/2020,1126,81,Punjab,1594
38181,4232,38181,26/04/2020,802,78,Sindh,1206
1692,59,1692,27/04/2020,35,0,AJK,24
11279,781,7582,27/04/2020,176,13,Balochistan,90
3675,318,3398,27/04/2020,219,3,GB,10
8753,245,8753,27/04/2020,29,3,ICT,15
13880,1864,14889,27/04/2020,515,98,KP,484
42684,5446,73226,27/04/2020,1183,83,Punjab,1602
41216,4615,41216,27/04/2020,872,81,Sindh,1230
1713,65,1713,28/04/2020,35,0,AJK,30
12337,853,7991,28/04/2020,176,14,Balochistan,93
3736,320,3515,28/04/2020,222,3,GB,10
9247,261,9247,28/04/2020,36,4,ICT,18
14728,1984,15737,28/04/2020,533,104,KP,500
44999,5640,75071,28/04/2020,1306,91,Punjab,1664
43949,4956,43949,28/04/2020,925,85,Sindh,1241
1826,65,1826,29/04/2020,37,0,AJK,28
13286,915,8504,29/04/2020,176,14,Balochistan,93
3933,330,3647,29/04/2020,224,3,GB,9
9705,297,9705,29/04/2020,36,4,ICT,19
15540,2160,16549,29/04/2020,562,114,KP,496
47151,5827,77619,29/04/2020,1427,100,Punjab,1719
48061,5291,48061,29/04/2020,963,92,Sindh,1323
1958,66,1958,30/04/2020,37,0,AJK,29
14187,978,8820,30/04/2020,180,14,Balochistan,88
4176,333,3791,30/04/2020,228,3,GB,10
10435,313,10435,30/04/2020,44,4,ICT,21
16443,2313,17452,30/04/2020,614,122,KP,576
49573,6061,79914,30/04/2020,1780,103,Punjab,1597
51790,5695,51790,30/04/2020,1169,100,Sindh,1239
2038,66,2038,01/05/2020,43,0,AJK,23
15335,1049,9435,01/05/2020,183,14,Balochistan,90
4370,339,3932,01/05/2020,248,3,GB,10
11194,343,11194,01/05/2020,44,4,ICT,18
17495,2627,18504,01/05/2020,654,146,KP,616
53262,6340,82651,01/05/2020,1921,106,Punjab,1703
54377,6053,54377,01/05/2020,1222,112,Sindh,1246
2054,66,2054,02/05/2020,0,0,AJK,23
15653,1136,9821,02/05/2020,847,16,Balochistan,90
4590,340,4146,02/05/2020,72,3,GB,10
11689,365,11689,02/05/2020,302,4,ICT,15
18480,2799,19489,02/05/2020,1322,161,KP,626
56722,6733,88899,02/05/2020,2610,115,Punjab,1803
57761,6675,57761,02/05/2020,4044,118,Sindh,1218
2227,71,2227,04/05/2020,0,0,AJK,27
15927,1218,10326,04/05/2020,917,21,Balochistan,83
5069,364,4439,04/05/2020,91,3,GB,10
12704,415,12704,04/05/2020,339,4,ICT,16
20900,3129,21909,04/05/2020,1535,180,KP,603
67908,7524,96854,04/05/2020,2775,124,Punjab,1958
64052,7465,64052,04/05/2020,4638,130,Sindh,1142
2281,71,2281,05/05/2020,0,0,AJK,22
16110,1321,10633,05/05/2020,1014,21,Balochistan,89
5160,372,4581,05/05/2020,80,3,GB,10
13697,464,13697,05/05/2020,383,4,ICT,21
21683,3288,22692,05/05/2020,1578,185,KP,669
74533,8103,101897,05/05/2020,2779,136,Punjab,2472
66623,7882,66623,05/05/2020,4994,137,Sindh,1122
2391,76,2391,06/05/2020,54,0,AJK,22
16334,1495,11496,06/05/2020,206,21,Balochistan,67
5284,386,4748,06/05/2020,282,3,GB,22
14585,485,14585,06/05/2020,56,4,ICT,18
22553,3499,23562,06/05/2020,875,194,KP,633
79911,8420,106927,06/05/2020,3073,156,Punjab,2412
69973,8189,68873,06/05/2020,1671,148,Sindh,1231
2471,76,2471,07/05/2020,57,0,AJK,19
16470,1659,12289,07/05/2020,209,22,Balochistan,67
5565,388,4876,07/05/2020,288,3,GB,21
15607,521,15607,07/05/2020,56,4,ICT,19
23975,3712,24984,07/05/2020,939,203,KP,671
86398,9077,112007,07/05/2020,3184,175,Punjab,2939
72544,8640,72544,07/05/2020,1731,157,Sindh,1224
2518,78,2518,08/05/2020,58,0,AJK,20
16705,1725,13241,08/05/2020,209,24,Balochistan,44
5658,394,5007,08/05/2020,292,3,GB,13
16666,558,16666,08/05/2020,72,4,ICT,18
25522,3956,26531,08/05/2020,984,209,KP,704
92781,10033,117206,08/05/2020,4062,183,Punjab,3009
76078,9093,76078,08/05/2020,1853,171,Sindh,1211
2668,79,2668,09/05/2020,60,0,AJK,19
16822,1876,13771,09/05/2020,222,24,Balochistan,44
5886,421,5135,09/05/2020,298,3,GB,12
17657,609,17657,09/05/2020,72,4,ICT,29
26981,4327,27990,09/05/2020,1033,221,KP,806
96701,10471,121194,09/05/2020,4131,191,Punjab,3370
81610,9691,81610,09/05/2020,1940,175,Sindh,1154
2780,86,2780,10/05/2020,60,0,AJK,26
16944,1935,14374,10/05/2020,242,24,Balochistan,28
5983,430,5310,10/05/2020,303,4,GB,13
18755,641,18755,10/05/2020,72,5,ICT,29
28193,4509,29202,10/05/2020,1086,234,KP,602
101371,11093,125988,10/05/2020,4240,192,Punjab,3882
87108,10771,87108,10/05/2020,2020,180,Sindh,1139
2854,86,2854,11/05/2020,64,0,AJK,22
17237,2017,14687,11/05/2020,242,26,Balochistan,28
6060,442,5480,11/05/2020,304,4,GB,5
19532,679,19532,11/05/2020,72,6,ICT,28
29463,4669,30472,11/05/2020,1126,245,KP,641
103904,11568,130546,11/05/2020,4323,197,Punjab,4269
91323,11480,91323,11/05/2020,2081,189,Sindh,1237
2935,86,2935,12/05/2020,0,1,AJK,21
17514,2061,15323,12/05/2020,1761,27,Balochistan,31
6213,457,5619,12/05/2020,121,4,GB,12
20201,716,20201,12/05/2020,602,6,ICT,36
30597,4875,31606,12/05/2020,2713,257,KP,649
107603,11869,135114,12/05/2020,2784,211,Punjab,4422
95053,12017,95053,12/05/2020,8178,200,Sindh,1490
3037,88,3037,13/05/2020,0,1,AJK,19
17781,2158,15751,13/05/2020,1844,27,Balochistan,31
6224,475,5748,13/05/2020,127,4,GB,13
21257,759,21257,13/05/2020,632,6,ICT,29
31568,5021,32577,13/05/2020,2860,267,KP,589
114762,13225,140212,13/05/2020,2780,214,Punjab,5700
99117,12610,99117,13/05/2020,8668,218,Sindh,1495
3245,91,3245,14/05/2020,69,1,AJK,21
17910,2239,16062,14/05/2020,326,27,Balochistan,31
6396,482,5884,14/05/2020,337,4,GB,12
22287,822,22287,14/05/2020,100,6,ICT,26
33253,5252,34352,14/05/2020,1392,275,KP,572
121329,13561,145577,14/05/2020,4636,223,Punjab,5912
103343,13341,103343,14/05/2020,2835,234,Sindh,1432
3411,105,3411,15/05/2020,76,1,AJK,28
18255,2310,16601,15/05/2020,342,30,Balochistan,31
6573,501,6027,15/05/2020,339,4,GB,17
23409,866,23409,15/05/2020,100,7,ICT,25
34806,5423,35905,15/05/2020,1505,284,KP,547
126538,13914,151247,15/05/2020,4720,234,Punjab,6180
107830,14099,107830,15/05/2020,3073,243,Sindh,1476
3572,108,3572,16/05/2020,76,1,AJK,31
18609,2457,17078,16/05/2020,383,31,Balochistan,32
6660,518,6173,16/05/2020,345,4,GB,24
24367,921,24367,16/05/2020,100,7,ICT,30
36443,5678,37452,16/05/2020,1613,291,KP,522
132593,14201,157226,16/05/2020,4757,245,Punjab,6418
113396,14916,113396,16/05/2020,3606,255,Sindh,1404
3758,112,3758,17/05/2020,77,1,AJK,34
18627,2544,17663,17/05/2020,417,36,Balochistan,32
6808,527,6356,17/05/2020,348,4,GB,21
25385,947,25385,17/05/2020,113,7,ICT,22
37913,5847,38992,17/05/2020,1699,305,KP,374
138511,14584,163466,17/05/2020,4883,252,Punjab,6617
117860,15590,117860,17/05/2020,3804,268,Sindh,1265
3947,112,3947,18/05/2020,77,1,AJK,34
18801,2692,18021,18/05/2020,454,36,Balochistan,26
6929,540,6517,18/05/2020,368,4,GB,26
26606,997,26606,18/05/2020,113,7,ICT,31
39321,6061,40410,18/05/2020,1783,318,KP,520
142864,15346,168940,18/05/2020,4918,260,Punjab,7388
122894,16337,122894,18/05/2020,4209,277,Sindh,1406
4090,115,4090,19/05/2020,77,1,AJK,37
19029,2820,18438,19/05/2020,524,38,Balochistan,34
6985,550,6636,19/05/2020,368,4,GB,22
27425,1034,27425,19/05/2020,113,9,ICT,22
40721,6230,41825,19/05/2020,1944,334,KP,478
148621,15976,174305,19/05/2020,4974,273,Punjab,7949
127573,17241,127573,19/05/2020,4489,280,Sindh,1377
4242,133,4242,20/05/2020,77,1,AJK,55
19381,2885,19003,20/05/2020,608,38,Balochistan,39
7071,556,6731,20/05/2020,390,4,GB,20
29033,1138,29033,20/05/2020,151,9,ICT,30
42121,6554,43329,20/05/2020,2058,345,KP,512
155679,16685,180540,20/05/2020,5076,289,Punjab,8538
131376,17947,131376,20/05/2020,4741,299,Sindh,1534
4470,148,4470,21/05/2020,79,1,AJK,68
19394,2968,19345,21/05/2020,636,38,Balochistan,35
7178,579,6928,21/05/2020,402,4,GB,22
30364,1235,30364,21/05/2020,151,10,ICT,35
43623,6815,44973,21/05/2020,2130,351,KP,535
162669,17382,185979,21/05/2020,5112,297,Punjab,8718
137540,18964,137540,21/05/2020,5645,316,Sindh,1487
4659,158,4659,22/05/2020,79,1,AJK,78
19698,3074,19888,22/05/2020,724,39,Balochistan,58
7310,602,7099,22/05/2020,412,4,GB,25
32126,1326,32126,22/05/2020,151,12,ICT,34
45049,7155,46762,22/05/2020,2198,365,KP,420
165801,18455,191910,22/05/2020,5312,310,Punjab,9418
143543,19924,143543,22/05/2020,6325,336,Sindh,1528
4868,171,4868,23/05/2020,94,1,AJK,76
19980,3198,20383,23/05/2020,762,39,Balochistan,58
7540,607,7338,23/05/2020,427,4,GB,26
32964,1457,32964,23/05/2020,152,12,ICT,33
46279,7391,48348,23/05/2020,2297,381,KP,465
169603,18730,197225,23/05/2020,5906,324,Punjab,2126
149566,20883,149566,23/05/2020,7015,340,Sindh,1633
5103,197,5103,24/05/2020,97,1,AJK,99
19998,3306,20987,24/05/2020,860,39,Balochistan,61
7780,619,7443,24/05/2020,430,4,GB,24
33936,1592,33936,24/05/2020,152,14,ICT,30
47431,7685,49780,24/05/2020,2396,389,KP,403
175007,19557,202456,24/05/2020,6050,332,Punjab,1960
153902,21645,153902,24/05/2020,7213,354,Sindh,1654
5225,209,5225,25/05/2020,99,2,AJK,108
19998,3407,21401,25/05/2020,875,40,Balochistan,77
7827,619,7574,25/05/2020,437,7,GB,24
34379,1641,34379,25/05/2020,152,16,ICT,31
48476,7905,51587,25/05/2020,2469,398,KP,401
178178,20077,206041,25/05/2020,6091,337,Punjab,2053
157449,22491,157449,25/05/2020,7359,367,Sindh,1671
5341,211,5341,26/05/2020,99,2,AJK,110
20352,3468,21597,26/05/2020,993,41,Balochistan,77
8086,630,7652,26/05/2020,444,8,GB,24
34964,1728,34964,26/05/2020,152,17,ICT,32
49025,8080,52783,26/05/2020,2529,408,KP,400
180538,20654,209270,26/05/2020,6124,352,Punjab,2137
159301,22934,159301,26/05/2020,7973,369,Sindh,1649
5379,214,5379,27/05/2020,99,4,AJK,111
20574,3536,21866,27/05/2020,1156,42,Balochistan,109
8175,638,7761,27/05/2020,457,9,GB,24
35551,1879,35551,27/05/2020,152,18,ICT,31
49627,8259,53917,27/05/2020,2578,416,KP,403
182977,21118,213297,27/05/2020,6185,362,Punjab,2177
161628,23507,161628,27/05/2020,8515,374,Sindh,1687
